Product Code (كود المنتج),Product Name (اسم المنتج),Product Name English,Company (الشركة),% (of Blend) (نسبة الخلط),Description (وصف المنتج),الوصف,Flavor Metrics (المقاييس),Brewing Notes (ملحوظات التحضير),Brewing Notes English
AF001,اثيوبيا ايراشيف,Ethiopia Yirgacheffe,SGL,100%,60% Ethiopia / 40% Colombia - 100% Arabica - Refreshing cup,٦٠٪؜ اثيوبيا / ٤٠٪؜ كولومبيا - ١٠٠٪؜ أرابيكا - قهوة ممتازة,Body 3 / Clarity 4 / Acidity 5 / 60%,٢٨ جرام / ٥٠٠ مل ماء / درجة حرارة ٩٤ م / استخلاص ٢:٠٥ د,28g / 500ml water / 94°C / Steep 2:05 min, water 93°C
AF002,قهوة Yirga Moka,Yirga Moka Mocha,SGL,100%,60% Ethiopia / 40% Colombia - 100% Arabica - Refreshing cup,٦٠٪؜ اثيوبيا / ٤٠٪؜ كولومبيا - ١٠٠٪؜ أرابيكا - قهوة منعشة,Body 3 / Clarity 4 / Acidity 5 / 60%,٢٨ جرام / ٥٠٠ مل ماء / درجة حرارة ٩٤ م / استخلاص ٢:٠٥ د,28g / 500ml water / 94°C / Steep 2:05 min, water 93°C
AF003,قهوة Buna Yirga,Buna Yirga Moka,SGL,100%,60% Ethiopia / 40% Colombia - 100% Arabica - Refreshing cup,٦٠٪؜ اثيوبيا / ٤٠٪؜ كولومبيا - ١٠٠٪؜ أرابيكا - قهوة منعشة,Body 3 / Clarity 4 / Acidity 5 / 60%,٢٨ جرام / ٥٠٠ مل ماء / درجة حرارة ٩٤ م / استخلاص ٢:٠٥ د,28g / 500ml water / 94°C / Steep 2:05 min, water 93°C
AF004,قهوة Yirgacheffe Kudu,Yirgacheffe Kudu,SGL,100%,100% Ethiopia - 100% Arabica - Refreshing cup,١٠٠٪؜ أثيوبيا - ١٠٠٪؜ أرابيكا - قهوة منعشة وذات مذاق متوازن,Body 3 / Clarity 4 / Acidity 5 / 60%,٢٨ جرام / ٥٠٠ مل ماء / درجة حرارة ٩٤ م / استخلاص ٢:٠٥ د,28g / 500ml water / 94°C / Steep 2:05 min, water 93°C
AF005,أثيوبيا سيدامو,Ethiopia Sidamo,SGL,100%,60% Ethiopia / 40% Colombia - 100% Arabica - Refreshing cup,٦٠٪؜ أثيوبيا / ٤٠٪؜ كولومبيا - ١٠٠٪؜ أرابيكا - قهوة منعشة,Body 3 / Clarity 4 / Acidity 5 / 60%,٢٨ جرام / ٥٠٠ مل ماء / درجة حرارة ٩٤ م / استخلاص ٢:٠٥ د,28g / 500ml water / 94°C / Steep 2:05 min, water 93°C
AF006,أثيوبيا ايربون ييرغا تشافا,Ethiopia Irbone Yirga Chaffee,SGL,100%,60% Ethiopia / 40% Colombia - 100% Arabica - Refreshing cup,٦٠٪؜ أثيوبيا / ٤٠٪؜ كولومبيا - ١٠٠٪؜ أرابيكا - قهوة منعشة,Body 3 / Clarity 4 / Acidity 5 / 60%,٢٨ جرام / ٥٠٠ مل ماء / درجة حرارة ٩٤ م / استخلاص ٢:٠٥ د,28g / 500ml water / 94°C / Steep 2:05 min, water 93°C
AF007,أثيوبيا ييرجا تشافانشو,Ethiopia Yirga Chafanso,SGL,100%,100% Ethiopia - 100% Arabica - Premium cup,١٠٠٪؜ أثيوبيا - ١٠٠٪؜ أرابيكا - قهوة ممتازة,Body 3 / Clarity 4 / Acidity 5 / 60%,٢٨ جرام / ٥٠٠ مل ماء / درجة حرارة ٩٤ م / استخلاص ٢:٠٥ د,28g / 500ml water / 94°C / Steep 2:05 min, water 93°C
AF008,أثيوبيا بون بون موكا,Ethiopia Bun Bun Mocha,SGL,100%,60% Ethiopia / 40% Colombia - 100% Arabica - Refreshing cup,٦٠٪؜ أثيوبيا / ٤٠٪؜ كولومبيا - ١٠٠٪؜ أرابيكا - قهوة ممتازة,Body 3 / Clarity 4 / Acidity 5 / 60%,٢٨ جرام / ٥٠٠ مل ماء / درجة حرارة ٩٤ م / استخلاص ٢:٠٥ د,28g / 500ml water / 94°C / Steep 2:05 min, water 93°C
AF009,أثيوبيا بون بون موكا,Ethiopia Bun Bun Mocha,SGL,100%,60% Ethiopia / 40% Colombia - 100% Arabica - Refreshing cup,٦٠٪؜ أثيوبيا / ٤٠٪؜ كولومبيا - ١٠٠٪؜ أرابيكا - قهوة ممتازة,Body 3 / Clarity 4 / Acidity 5 / 60%,٢٨ جرام / ٥٠٠ مل ماء / درجة حرارة ٩٤ م / استخلاص ٢:٠٥ د,28g / 500ml water / 94°C / Steep 2:05 min, water 93°C
AF010,أثيوبيا ييرجا واريجودا,Ethiopia Yirga Wariguda,SGL,100%,60% Ethiopia / 40% Colombia - 100% Arabica - Refreshing cup,٦٠٪؜ أثيوبيا / ٤٠٪؜ كولومبيا - ١٠٠٪؜ أرابيكا - قهوة ممتازة,Body 3 / Clarity 4 / Acidity 5 / 60%,٢٨ جرام / ٥٠٠ مل ماء / درجة حرارة ٩٤ م / استخلاص ٢:٠٥ د,28g / 500ml water / 94°C / Steep 2:05 min, water 93°C
AF011,أثيوبيا موكا,Ethiopia Mocha,SGL,100%,60% Ethiopia / 40% Colombia - 100% Arabica - Refreshing cup,٦٠٪؜ أثيوبيا / ٤٠٪؜ كولومبيا - ١٠٠٪؜ أرابيكا - قهوة ممتازة,Body 3 / Clarity 4 / Acidity 5 / 60%,٢٨ جرام / ٥٠٠ مل ماء / درجة حرارة ٩٤ م / استخلاص ٢:٠٥ د,28g / 500ml water / 94°C / Steep 2:05 min, water 93°C
AF012,أثيوبيا ييرجا موكا موتو,Ethiopia Yirga Mocha Moto,SGL,100%,60% Ethiopia / 40% Colombia - 100% Arabica - Refreshing cup,٦٠٪؜ أثيوبيا / ٤٠٪؜ كولومبيا - ١٠٠٪؜ أرابيكا - قهوة ممتازة,Body 3 / Clarity 4 / Acidity 5 / 60%,٢٨ جرام / ٥٠٠ مل ماء / درجة حرارة ٩٤ م / استخلاص ٢:٠٥ د,28g / 500ml water / 94°C / Steep 2:05 min, water 93°C
AF013,مجموعة الأثيوبي موكا,Ethiopian Mocha Set,SGL,100%,60% Ethiopia / 40% Colombia - 100% Arabica - Refreshing cup,٦٠٪؜ أثيوبيا / ٤٠٪؜ كولومبيا - ١٠٠٪؜ أرابيكا - قهوة ممتازة,Body 3 / Clarity 4 / Acidity 5 / 60%,٢٨ جرام / ٥٠٠ مل ماء / درجة حرارة ٩٤ م / استخلاص ٢:٠٥ د,28g / 500ml water / 94°C / Steep 2:05 min, water 93°C
AF014,أثيوبيا موكا ييرجا,Ethiopia Mocha Yirga,SGL,100%,60% Ethiopia / 40% Colombia - 100% Arabica - Refreshing cup,٦٠٪؜ أثيوبيا / ٤٠٪؜ كولومبيا - ١٠٠٪؜ أرابيكا - قهوة ممتازة,Body 3 / Clarity 4 / Acidity 5 / 60%,٢٨ جرام / ٥٠٠ مل ماء / درجة حرارة ٩٤ م / استخلاص ٢:٠٥ د,28g / 500ml water / 94°C / Steep 2:05 min, water 93°C
AF015,قهوة ييرجا تشافا موكا,Yirga Chaffee Mocha,SGL,100%,60% Ethiopia / 40% Colombia - 100% Arabica - Refreshing cup,٦٠٪؜ أثيوبيا / ٤٠٪؜ كولومبيا - ١٠٠٪؜ أرابيكا - قهوة ممتازة,Body 3 / Clarity 4 / Acidity 5 / 60%,٢٨ جرام / ٥٠٠ مل ماء / درجة حرارة ٩٤ م / استخلاص ٢:٠٥ د,28g / 500ml water / 94°C / Steep 2:05 min, water 93°C
AF016,اثيوبيا موكا ييرجا تشافا,Ethiopia Mocha Yirga Chaffee,SGL,100%,60% Ethiopia / 40% Colombia - 100% Arabica - Refreshing cup,٦٠٪؜ أثيوبيا / ٤٠٪؜ كولومبيا - ١٠٠٪؜ أرابيكا - قهوة ممتازة,Body 3 / Clarity 4 / Acidity 5 / 60%,٢٨ جرام / ٥٠٠ مل ماء / درجة حرارة ٩٤ م / استخلاص ٢:٠٥ د,28g / 500ml water / 94°C / Steep 2:05 min, water 93°C
AF017,أثيوبيا ييرجا تشافا,Ethiopia Yirga Chaffee,SGL,100%,60% Ethiopia / 40% Colombia - 100% Arabica - Refreshing cup,٦٠٪؜ أثيوبيا / ٤٠٪؜ كولومبيا - ١٠٠٪؜ أرابيكا - قهوة ممتازة,Body 3 / Clarity 4 / Acidity 5 / 60%,٢٨ جرام / ٥٠٠ مل ماء / درجة حرارة ٩٤ م / استخلاص ٢:٠٥ د,28g / 500ml water / 94°C / Steep 2:05 min, water 93°C
AF018,مجموعة الأثيوبي موكا,Ethiopian Mocha Set,SGL,100%,60% Ethiopia / 40% Colombia - 100% Arabica - Refreshing cup,٦٠٪؜ أثيوبيا / ٤٠٪؜ كولومبيا - ١٠٠٪؜ أرابيكا - قهوة ممتازة,Body 3 / Clarity 4 / Acidity 5 / 60%,٢٨ جرام / ٥٠٠ مل ماء / درجة حرارة ٩٤ م / استخلاص ٢:٠٥ د,28g / 500ml water / 94°C / Steep 2:05 min, water 93°C
AF019,أثيوبيا بون بون موكا,Ethiopia Bun Bun Mocha,SGL,100%,60% Ethiopia / 40% Colombia - 100% Arabica - Refreshing cup,٦٠٪؜ أثيوبيا / ٤٠٪؜ كولومبيا - ١٠٠٪؜ أرابيكا - قهوة ممتازة,Body 3 / Clarity 4 / Acidity 5 / 60%,٢٨ جرام / ٥٠٠ مل ماء / درجة حرارة ٩٤ م / استخلاص ٢:٠٥ د,28g / 500ml water / 94°C / Steep 2:05 min, water 93°C
AF020,أثيوبيا ييرجا واريجودا,Ethiopia Yirga Wariguda,SGL,100%,60% Ethiopia / 40% Colombia - 100% Arabica - Refreshing cup,٦٠٪؜ أثيوبيا / ٤٠٪؜ كولومبيا - ١٠٠٪؜ أرابيكا - قهوة ممتازة,Body 3 / Clarity 4 / Acidity 5 / 60%,٢٨ جرام / ٥٠٠ مل ماء / درجة حرارة ٩٤ م / استخلاص ٢:٠٥ د,28g / 500ml water / 94°C / Steep 2:05 min, water 93°C
AF021,أثيوبيا موكا,Ethiopia Mocha,SGL,100%,60% Ethiopia / 40% Colombia - 100% Arabica - Refreshing cup,٦٠٪؜ أثيوبيا / ٤٠٪؜ كولومبيا - ١٠٠٪؜ أرابيكا - قهوة ممتازة,Body 3 / Clarity 4 / Acidity 5 / 60%,٢٨ جرام / ٥٠٠ مل ماء / درجة حرارة ٩٤ م / استخلاص ٢:٠٥ د,28g / 500ml water / 94°C / Steep 2:05 min, water 93°C
AF022,أثيوبيا ييرجا موكا موتو,Ethiopia Yirga Mocha Moto,SGL,100%,60% Ethiopia / 40% Colombia - 100% Arabica - Refreshing cup,٦٠٪؜ أثيوبيا / ٤٠٪؜ كولومبيا - ١٠٠٪؜ أرابيكا - قهوة ممتازة,Body 3 / Clarity 4 / Acidity 5 / 60%,٢٨ جرام / ٥٠٠ مل ماء / درجة حرارة ٩٤ م / استخلاص ٢:٠٥ د,28g / 500ml water / 94°C / Steep 2:05 min, water 93°C
AF023,مجموعة الأثيوبي موكا,Ethiopian Mocha Set,SGL,100%,60% Ethiopia / 40% Colombia - 100% Arabica - Refreshing cup,٦٠٪؜ أثيوبيا / ٤٠٪؜ كولومبيا - ١٠٠٪؜ أرابيكا - قهوة ممتازة,Body 3 / Clarity 4 / Acidity 5 / 60%,٢٨ جرام / ٥٠٠ مل ماء / درجة حرارة ٩٤ م / استخلاص ٢:٠٥ د,28g / 500ml water / 94°C / Steep 2:05 min, water 93°C
AF024,أثيوبيا موكا ييرجا,Ethiopia Mocha Yirga,SGL,100%,60% Ethiopia / 40% Colombia - 100% Arabica - Refreshing cup,٦٠٪؜ أثيوبيا / ٤٠٪؜ كولومبيا - ١٠٠٪؜ أرابيكا - قهوة ممتازة,Body 3 / Clarity 4 / Acidity 5 / 60%,٢٨ جرام / ٥٠٠ مل ماء / درجة حرارة ٩٤ م / استخلاص ٢:٠٥ د,28g / 500ml water / 94°C / Steep 2:05 min, water 93°C
AF025,قهوة ييرجا تشافا موكا,Yirga Chaffee Mocha,SGL,100%,60% Ethiopia / 40% Colombia - 100% Arabica - Refreshing cup,٦٠٪؜ أثيوبيا / ٤٠٪؜ كولومبيا - ١٠٠٪؜ أرابيكا - قهوة ممتازة,Body 3 / Clarity 4 / Acidity 5 / 60%,٢٨ جرام / ٥٠٠ مل ماء / درجة حرارة ٩٤ م / استخلاص ٢:٠٥ د,28g / 500ml water / 94°C / Steep 2:05 min, water 93°C
AF026,اثيوبيا موكا ييرجا تشافا,Ethiopia Mocha Yirga Chaffee,SGL,100%,60% Ethiopia / 40% Colombia - 100% Arabica - Refreshing cup,٦٠٪؜ أثيوبيا / ٤٠٪؜ كولومبيا - ١٠٠٪؜ أرابيكا - قهوة ممتازة,Body 3 / Clarity 4 / Acidity 5 / 60%,٢٨ جرام / ٥٠٠ مل ماء / درجة حرارة ٩٤ م / استخلاص ٢:٠٥ د,28g / 500ml water / 94°C / Steep 2:05 min, water 93°C
AF027,أثيوبيا ييرجا تشافا,Ethiopia Yirga Chaffee,SGL,100%,60% Ethiopia / 40% Colombia - 100% Arabica - Refreshing cup,٦٠٪؜ أثيوبيا / ٤٠٪؜ كولومبيا - ١٠٠٪؜ أرابيكا - قهوة ممتازة,Body 3 / Clarity 4 / Acidity 5 / 60%,٢٨ جرام / ٥٠٠ مل ماء / درجة حرارة ٩٤ م / استخلاص ٢:٠٥ د,28g / 500ml water / 94°C / Steep 2:05 min, water 93°C
AF028,مجموعة الأثيوبي موكا,Ethiopian Mocha Set,SGL,100%,60% Ethiopia / 40% Colombia - 100% Arabica - Refreshing cup,٦٠٪؜ أثيوبيا / ٤٠٪؜ كولومبيا - ١٠٠٪؜ أرابيكا - قهوة ممتازة,Body 3 / Clarity 4 / Acidity 5 / 60%,٢٨ جرام / ٥٠٠ مل ماء / درجة حرارة ٩٤ م / استخلاص ٢:٠٥ د,28g / 500ml water / 94°C / Steep 2:05 min, water 93°C
AF029,أثيوبيا بون بون موكا,Ethiopia Bun Bun Mocha,SGL,100%,60% Ethiopia / 40% Colombia - 100% Arabica - Refreshing cup,٦٠٪؜ أثيوبيا / ٤٠٪؜ كولومبيا - ١٠٠٪؜ أرابيكا - قهوة ممتازة,Body 3 / Clarity 4 / Acidity 5 / 60%,٢٨ جرام / ٥٠٠ مل ماء / درجة حرارة ٩٤ م / استخلاص ٢:٠٥ د,28g / 500ml water / 94°C / Steep 2:05 min, water 93°C
AF030,أثيوبيا ييرجا واريجودا,Ethiopia Yirga Wariguda,SGL,100%,60% Ethiopia / 40% Colombia - 100% Arabica - Refreshing cup,٦٠٪؜ أثيوبيا / ٤٠٪؜ كولومبيا - ١٠٠٪؜ أرابيكا - قهوة ممتازة,Body 3 / Clarity 4 / Acidity 5 / 60%,٢٨ جرام / ٥٠٠ مل ماء / درجة حرارة ٩٤ م / استخلاص ٢:٠٥ د,28g / 500ml water / 94°C / Steep 2:05 min, water 93°C
CB-001,Cold Brew Ethiopia Sidamo,Cold Brew Ethiopia Sidamo,SGL,100%,100% Ethiopia - 100% Arabica - Luxurious cup,١٠٠٪؜ أثيوبيا - ١٠٠٪؜ أرابيكا - قهوة فاخرة,Body 3 / Clarity 5 / Acidity 2 / 50%,٥٠٠ مل ماء / درجة حرارة ٩٢ م / استخلاص ٢:٠٠ د,500ml water / 92°C / Steep 2:00 min, water 92°C
CB002,كولد برو اثيوبيا يلجشفي,Cold Brew Ethiopia Yirgacheffe,SGL,100%,100% Ethiopia - 100% Arabica - Luxurious cup,١٠٠٪؜ أثيوبيا - ١٠٠٪؜ أرابيكا - قهوة فاخرة,Body 3 / Clarity 5 / Acidity 2 / 50%,٥٠٠ مل ماء / درجة حرارة ٩٢ م / استخلاص ٢:٠٠ د,500ml water / 92°C / Steep 2:00 min, water 92°C
CB003,كولد برو كولومبيا سوبريمو,Cold Brew Colombia Supremo,SGL,100%,100% Colombia - 100% Arabica - Luxurious cup,١٠٠٪؜ كولومبيا - ١٠٠٪؜ أرابيكا - قهوة فاخرة,Body 3 / Clarity 5 / Acidity 2 / 50%,٥٠٠ مل ماء / درجة حرارة ٩٢ م / استخلاص ٢:٠٠ د,500ml water / 92°C / Steep 2:00 min, water 92°C
CB004,كولد برو اثيوبيا ييرجا,Cold Brew Ethiopia Yirga,SGL,100%,100% Ethiopia - 100% Arabica - Luxurious cup,١٠٠٪؜ أثيوبيا - ١٠٠٪؜ أرابيكا - قهوة فاخرة,Body 3 / Clarity 5 / Acidity 2 / 50%,٥٠٠ مل ماء / درجة حرارة ٩٢ م / استخلاص ٢:٠٠ د,500ml water / 92°C / Steep 2:00 min, water 92°C
CB005,كولد برو موكا,Cold Brew Mocha,SGL,100%,100% Yemen - 100% Arabica - Luxurious cup,١٠٠٪؜ يمني - ١٠٠٪؜ أرابيكا - قهوة فاخرة,Body 3 / Clarity 5 / Acidity 2 / 50%,٥٠٠ مل ماء / درجة حرارة ٩٢ م / استخلاص ٢:٠٠ د,500ml water / 92°C / Steep 2:00 min, water 92°C
CB006,كولد برو سومطرة,Cold Brew Sumatra,SGL,100%,100% Indonesia - 100% Arabica - Luxurious cup,١٠٠٪؜ اندونيسيا - ١٠٠٪؜ أرابيكا - قهوة فاخرة,Body 3 / Clarity 5 / Acidity 2 / 50%,٥٠٠ مل ماء / درجة حرارة ٩٢ م / استخلاص ٢:٠٠ د,500ml water / 92°C / Steep 2:00 min, water 92°C
CB007,كولد برو ييرجا تشافا,Cold Brew Yirga Chaffee,SGL,100%,100% Ethiopia - 100% Arabica - Luxurious cup,١٠٠٪؜ أثيوبيا - ١٠٠٪؜ أرابيكا - قهوة فاخرة,Body 3 / Clarity 5 / Acidity 2 / 50%,٥٠٠ مل ماء / درجة حرارة ٩٢ م / استخلاص ٢:٠٠ د,500ml water / 92°C / Steep 2:00 min, water 92°C
CB008,كولد برو سيدامو,Cold Brew Sidamo,SGL,100%,100% Ethiopia - 100% Arabica - Luxurious cup,١٠٠٪؜ أثيوبيا - ١٠٠٪؜ أرابيكا - قهوة فاخرة,Body 3 / Clarity 5 / Acidity 2 / 50%,٥٠٠ مل ماء / درجة حرارة ٩٢ م / استخلاص ٢:٠٠ د,500ml water / 92°C / Steep 2:00 min, water 92°C
CB009,كولد برو كولومبيا,Cold Brew Colombia,SGL,100%,100% Colombia - 100% Arabica - Luxurious cup,١٠٠٪؜ كولومبيا - ١٠٠٪؜ أرابيكا - قهوة فاخرة,Body 3 / Clarity 5 / Acidity 2 / 50%,٥٠٠ مل ماء / درجة حرارة ٩٢ م / استخلاص ٢:٠٠ د,500ml water / 92°C / Steep 2:00 min, water 92°C
CB010,كولد برو موكا ييرجا,Cold Brew Mocha Yirga,SGL,100%,100% Yemen - 100% Arabica - Luxurious cup,١٠٠٪؜ يمني - ١٠٠٪؜ أرابيكا - قهوة فاخرة,Body 3 / Clarity 5 / Acidity 2 / 50%,٥٠٠ مل ماء / درجة حرارة ٩٢ م / استخلاص ٢:٠٠ د,500ml water / 92°C / Steep 2:00 min, water 92°C
CB011,كولد برو ييرجا تشافا,Cold Brew Yirga Chaffee,SGL,100%,100% Ethiopia - 100% Arabica - Luxurious cup,١٠٠٪؜ أثيوبيا - ١٠٠٪؜ أرابيكا - قهوة فاخرة,Body 3 / Clarity 5 / Acidity 2 / 50%,٥٠٠ مل ماء / درجة حرارة ٩٢ م / استخلاص ٢:٠٠ د,500ml water / 92°C / Steep 2:00 min, water 92°C
CB012,كولد برو كولومبيا,Cold Brew Colombia,SGL,100%,100% Colombia - 100% Arabica - Luxurious cup,١٠٠٪؜ كولومبيا - ١٠٠٪؜ أرابيكا - قهوة فاخرة,Body 3 / Clarity 5 / Acidity 2 / 50%,٥٠٠ مل ماء / درجة حرارة ٩٢ م / استخلاص ٢:٠٠ د,500ml water / 92°C / Steep 2:00 min, water 92°C
CB013,كولد برو موكا,Cold Brew Mocha,SGL,100%,100% Yemen - 100% Arabica - Luxurious cup,١٠٠٪؜ يمني - ١٠٠٪؜ أرابيكا - قهوة فاخرة,Body 3 / Clarity 5 / Acidity 2 / 50%,٥٠٠ مل ماء / درجة حرارة ٩٢ م / استخلاص ٢:٠٠ د,500ml water / 92°C / Steep 2:00 min, water 92°C
CB014,كولد برو سومطرة,Cold Brew Sumatra,SGL,100%,100% Indonesia - 100% Arabica - Luxurious cup,١٠٠٪؜ اندونيسيا - ١٠٠٪؜ أرابيكا - قهوة فاخرة,Body 3 / Clarity 5 / Acidity 2 / 50%,٥٠٠ مل ماء / درجة حرارة ٩٢ م / استخلاص ٢:٠٠ د,500ml water / 92°C / Steep 2:00 min, water 92°C
CB015,كولد برو ييرجا تشافا,Cold Brew Yirga Chaffee,SGL,100%,100% Ethiopia - 100% Arabica - Luxurious cup,١٠٠٪؜ أثيوبيا - ١٠٠٪؜ أرابيكا - قهوة فاخرة,Body 3 / Clarity 5 / Acidity 2 / 50%,٥٠٠ مل ماء / درجة حرارة ٩٢ م / استخلاص ٢:٠٠ د,500ml water / 92°C / Steep 2:00 min, water 92°C
CB016,كولد برو سيدامو,Cold Brew Sidamo,SGL,100%,100% Ethiopia - 100% Arabica - Luxurious cup,١٠٠٪؜ أثيوبيا - ١٠٠٪؜ أرابيكا - قهوة فاخرة,Body 3 / Clarity 5 / Acidity 2 / 50%,٥٠٠ مل ماء / درجة حرارة ٩٢ م / استخلاص ٢:٠٠ د,500ml water / 92°C / Steep 2:00 min, water 92°C
CB017,كولد برو كولومبيا,Cold Brew Colombia,SGL,100%,100% Colombia - 100% Arabica - Luxurious cup,١٠٠٪؜ كولومبيا - ١٠٠٪؜ أرابيكا - قهوة فاخرة,Body 3 / Clarity 5 / Acidity 2 / 50%,٥٠٠ مل ماء / درجة حرارة ٩٢ م / استخلاص ٢:٠٠ د,500ml water / 92°C / Steep 2:00 min, water 92°C
CB018,كولد برو موكا ييرجا,Cold Brew Mocha Yirga,SGL,100%,100% Yemen - 100% Arabica - Luxurious cup,١٠٠٪؜ يمني - ١٠٠٪؜ أرابيكا - قهوة فاخرة,Body 3 / Clarity 5 / Acidity 2 / 50%,٥٠٠ مل ماء / درجة حرارة ٩٢ م / استخلاص ٢:٠٠ د,500ml water / 92°C / Steep 2:00 min, water 92°C
CB019,كولد برو ييرجا تشافا,Cold Brew Yirga Chaffee,SGL,100%,100% Ethiopia - 100% Arabica - Luxurious cup,١٠٠٪؜ أثيوبيا - ١٠٠٪؜ أرابيكا - قهوة فاخرة,Body 3 / Clarity 5 / Acidity 2 / 50%,٥٠٠ مل ماء / درجة حرارة ٩٢ م / استخلاص ٢:٠٠ د,500ml water / 92°C / Steep 2:00 min, water 92°C
CB020,كولد برو كولومبيا,Cold Brew Colombia,SGL,100%,100% Colombia - 100% Arabica - Luxurious cup,١٠٠٪؜ كولومبيا - ١٠٠٪؜ أرابيكا - قهوة فاخرة,Body 3 / Clarity 5 / Acidity 2 / 50%,٥٠٠ مل ماء / درجة حرارة ٩٢ م / استخلاص ٢:٠٠ د,500ml water / 92°C / Steep 2:00 min, water 92°C
CB021,كولد برو موكا,Cold Brew Mocha,SGL,100%,100% Yemen - 100% Arabica - Luxurious cup,١٠٠٪؜ يمني - ١٠٠٪؜ أرابيكا - قهوة فاخرة,Body 3 / Clarity 5 / Acidity 2 / 50%,٥٠٠ مل ماء / درجة حرارة ٩٢ م / استخلاص ٢:٠٠ د,500ml water / 92°C / Steep 2:00 min, water 92°C
CB022,كولد برو سومطرة,Cold Brew Sumatra,SGL,100%,100% Indonesia - 100% Arabica - Luxurious cup,١٠٠٪؜ اندونيسيا - ١٠٠٪؜ أرابيكا - قهوة فاخرة,Body 3 / Clarity 5 / Acidity 2 / 50%,٥٠٠ مل ماء / درجة حرارة ٩٢ م / استخلاص ٢:٠٠ د,500ml water / 92°C / Steep 2:00 min, water 92°C
CB023,كولد برو ييرجا تشافا,Cold Brew Yirga Chaffee,SGL,100%,100% Ethiopia - 100% Arabica - Luxurious cup,١٠٠٪؜ أثيوبيا - ١٠٠٪؜ أرابيكا - قهوة فاخرة,Body 3 / Clarity 5 / Acidity 2 / 50%,٥٠٠ مل ماء / درجة حرارة ٩٢ م / استخلاص ٢:٠٠ د,500ml water / 92°C / Steep 2:00 min, water 92°C
CB024,كولد برو سيدامو,Cold Brew Sidamo,SGL,100%,100% Ethiopia - 100% Arabica - Luxurious cup,١٠٠٪؜ أثيوبيا - ١٠٠٪؜ أرابيكا - قهوة فاخرة,Body 3 / Clarity 5 / Acidity 2 / 50%,٥٠٠ مل ماء / درجة حرارة ٩٢ م / استخلاص ٢:٠٠ د,500ml water / 92°C / Steep 2:00 min, water 92°C
CB025,كولد برو كولومبيا,Cold Brew Colombia,SGL,100%,100% Colombia - 100% Arabica - Luxurious cup,١٠٠٪؜ كولومبيا - ١٠٠٪؜ أرابيكا - قهوة فاخرة,Body 3 / Clarity 5 / Acidity 2 / 50%,٥٠٠ مل ماء / درجة حرارة ٩٢ م / استخلاص ٢:٠٠ د,500ml water / 92°C / Steep 2:00 min, water 92°C
CB026,كولد برو موكا ييرجا,Cold Brew Mocha Yirga,SGL,100%,100% Yemen - 100% Arabica - Luxurious cup,١٠٠٪؜ يمني - ١٠٠٪؜ أرابيكا - قهوة فاخرة,Body 3 / Clarity 5 / Acidity 2 / 50%,٥٠٠ مل ماء / درجة حرارة ٩٢ م / استخلاص ٢:٠٠ د,500ml water / 92°C / Steep 2:00 min, water 92°C
CB027,كولد برو ييرجا تشافا,Cold Brew Yirga Chaffee,SGL,100%,100% Ethiopia - 100% Arabica - Luxurious cup,١٠٠٪؜ أثيوبيا - ١٠٠٪؜ أرابيكا - قهوة فاخرة,Body 3 / Clarity 5 / Acidity 2 / 50%,٥٠٠ مل ماء / درجة حرارة ٩٢ م / استخلاص ٢:٠٠ د,500ml water / 92°C / Steep 2:00 min, water 92°C
CB028,كولد برو كولومبيا,Cold Brew Colombia,SGL,100%,100% Colombia - 100% Arabica - Luxurious cup,١٠٠٪؜ كولومبيا - ١٠٠٪؜ أرابيكا - قهوة فاخرة,Body 3 / Clarity 5 / Acidity 2 / 50%,٥٠٠ مل ماء / درجة حرارة ٩٢ م / استخلاص ٢:٠٠ د,500ml water / 92°C / Steep 2:00 min, water 92°C
CB029,كولد برو موكا,Cold Brew Mocha,SGL,100%,100% Yemen - 100% Arabica - Luxurious cup,١٠٠٪؜ يمني - ١٠٠٪؜ أرابيكا - قهوة فاخرة,Body 3 / Clarity 5 / Acidity 2 / 50%,٥٠٠ مل ماء / درجة حرارة ٩٢ م / استخلاص ٢:٠٠ د,500ml water / 92°C / Steep 2:00 min, water 92°C
CB030,كولد برو سومطرة,Cold Brew Sumatra,SGL,100%,100% Indonesia - 100% Arabica - Luxurious cup,١٠٠٪؜ اندونيسيا - ١٠٠٪؜ أرابيكا - قهوة فاخرة,Body 3 / Clarity 5 / Acidity 2 / 50%,٥٠٠ مل ماء / درجة حرارة ٩٢ م / استخلاص ٢:٠٠ د,500ml water / 92°C / Steep 2:00 min, water 92°C
CR-001,Cold Brew Reserve,Cold Brew Reserve,SGL,100%,100% Yirgacheffe / 100% Arabica - Refreshing cup,١٠٠٪؜ أثيوبيا / ١٠٠٪؜ أرابيكا - قهوة منعشة,Body 3 / Clarity 3 / Acidity 3 / 30%,٥٠٠ مل ماء / درجة حرارة ٩٤ م / استخلاص ٢:٠٥ د,500ml water / 94°C / Steep 2:05 min, water 93°C
CR002,كولد برو اثيوبيا يلجشفي,Cold Brew Ethiopia Yirgacheffe,SGL,100%,100% Ethiopia / 100% Arabica - Refreshing cup,١٠٠٪؜ أثيوبيا / ١٠٠٪؜ أرابيكا - قهوة منعشة,Body 3 / Clarity 3 / Acidity 3 / 30%,٥٠٠ مل ماء / درجة حرارة ٩٤ م / استخلاص ٢:٠٥ د,500ml water / 94°C / Steep 2:05 min, water 93°C
CR003,كولد برو كولومبيا سوبريمو,Cold Brew Colombia Supremo,SGL,100%,100% Colombia / 100% Arabica - Refreshing cup,١٠٠٪؜ كولومبيا / ١٠٠٪؜ أرابيكا - قهوة منعشة,Body 3 / Clarity 3 / Acidity 3 / 30%,٥٠٠ مل ماء / درجة حرارة ٩٤ م / استخلاص ٢:٠٥ د,500ml water / 94°C / Steep 2:05 min, water 93°C
CR004,كولد برو اثيوبيا ييرجا,Cold Brew Ethiopia Yirga,SGL,100%,100% Ethiopia / 100% Arabica - Refreshing cup,١٠٠٪؜ أثيوبيا / ١٠٠٪؜ أرابيكا - قهوة منعشة,Body 3 / Clarity 3 / Acidity 3 / 30%,٥٠٠ مل ماء / درجة حرارة ٩٤ م / استخلاص ٢:٠٥ د,500ml water / 94°C / Steep 2:05 min, water 93°C
CR005,كولد برو موكا,Cold Brew Mocha,SGL,100%,100% Yemen / 100% Arabica - Refreshing cup,١٠٠٪؜ يمني / ١٠٠٪؜ أرابيكا - قهوة منعشة,Body 3 / Clarity 3 / Acidity 3 / 30%,٥٠٠ مل ماء / درجة حرارة ٩٤ م / استخلاص ٢:٠٥ د,500ml water / 94°C / Steep 2:05 min, water 93°C
CR006,كولد برو سومطرة,Cold Brew Sumatra,SGL,100%,100% Indonesia / 100% Arabica - Refreshing cup,١٠٠٪؜ اندونيسيا / ١٠٠٪؜ أرابيكا - قهوة منعشة,Body 3 / Clarity 3 / Acidity 3 / 30%,٥٠٠ مل ماء / درجة حرارة ٩٤ م / استخلاص ٢:٠٥ د,500ml water / 94°C / Steep 2:05 min, water 93°C
CR007,كولد برو ييرجا تشافا,Cold Brew Yirga Chaffee,SGL,100%,100% Ethiopia / 100% Arabica - Refreshing cup,١٠٠٪؜ أثيوبيا / ١٠٠٪؜ أرابيكا - قهوة منعشة,Body 3 / Clarity 3 / Acidity 3 / 30%,٥٠٠ مل ماء / درجة حرارة ٩٤ م / استخلاص ٢:٠٥ د,500ml water / 94°C / Steep 2:05 min, water 93°C
CR008,كولد برو سيدامو,Cold Brew Sidamo,SGL,100%,100% Ethiopia / 100% Arabica - Refreshing cup,١٠٠٪؜ أثيوبيا / ١٠٠٪؜ أرابيكا - قهوة منعشة,Body 3 / Clarity 3 / Acidity 3 / 30%,٥٠٠ مل ماء / درجة حرارة ٩٤ م / استخلاص ٢:٠٥ د,500ml water / 94°C / Steep 2:05 min, water 93°C
CR009,كولد برو كولومبيا,Cold Brew Colombia,SGL,100%,100% Colombia / 100% Arabica - Refreshing cup,١٠٠٪؜ كولومبيا / ١٠٠٪؜ أرابيكا - قهوة منعشة,Body 3 / Clarity 3 / Acidity 3 / 30%,٥٠٠ مل ماء / درجة حرارة ٩٤ م / استخلاص ٢:٠٥ د,500ml water / 94°C / Steep 2:05 min, water 93°C
CR010,كولد برو موكا ييرجا,Cold Brew Mocha Yirga,SGL,100%,100% Yemen / 100% Arabica - Refreshing cup,١٠٠٪؜ يمني / ١٠٠٪؜ أرابيكا - قهوة منعشة,Body 3 / Clarity 3 / Acidity 3 / 30%,٥٠٠ مل ماء / درجة حرارة ٩٤ م / استخلاص ٢:٠٥ د,500ml water / 94°C / Steep 2:05 min, water 93°C
CR011,كولد برو ييرجا تشافا,Cold Brew Yirga Chaffee,SGL,100%,100% Ethiopia / 100% Arabica - Refreshing cup,١٠٠٪؜ أثيوبيا / ١٠٠٪؜ أرابيكا - قهوة منعشة,Body 3 / Clarity 3 / Acidity 3 / 30%,٥٠٠ مل ماء / درجة حرارة ٩٤ م / استخلاص ٢:٠٥ د,500ml water / 94°C / Steep 2:05 min, water 93°C
CR012,كولد برو كولومبيا,Cold Brew Colombia,SGL,100%,100% Colombia / 100% Arabica - Refreshing cup,١٠٠٪؜ كولومبيا / ١٠٠٪؜ أرابيكا - قهوة منعشة,Body 3 / Clarity 3 / Acidity 3 / 30%,٥٠٠ مل ماء / درجة حرارة ٩٤ م / استخلاص ٢:٠٥ د,500ml water / 94°C / Steep 2:05 min, water 93°C
CR013,كولد برو موكا,Cold Brew Mocha,SGL,100%,100% Yemen / 100% Arabica - Refreshing cup,١٠٠٪؜ يمني / ١٠٠٪؜ أرابيكا - قهوة منعشة,Body 3 / Clarity 3 / Acidity 3 / 30%,٥٠٠ مل ماء / درجة حرارة ٩٤ م / استخلاص ٢:٠٥ د,500ml water / 94°C / Steep 2:05 min, water 93°C
CR014,كولد برو سومطرة,Cold Brew Sumatra,SGL,100%,100% Indonesia / 100% Arabica - Refreshing cup,١٠٠٪؜ اندونيسيا / ١٠٠٪؜ أرابيكا - قهوة منعشة,Body 3 / Clarity 3 / Acidity 3 / 30%,٥٠٠ مل ماء / درجة حرارة ٩٤ م / استخلاص ٢:٠٥ د,500ml water / 94°C / Steep 2:05 min, water 93°C
CR015,كولد برو ييرجا تشافا,Cold Brew Yirga Chaffee,SGL,100%,100% Ethiopia / 100% Arabica - Refreshing cup,١٠٠٪؜ أثيوبيا / ١٠٠٪؜ أرابيكا - قهوة منعشة,Body 3 / Clarity 3 / Acidity 3 / 30%,٥٠٠ مل ماء / درجة حرارة ٩٤ م / استخلاص ٢:٠٥ د,500ml water / 94°C / Steep 2:05 min, water 93°C
CR016,كولد برو سيدامو,Cold Brew Sidamo,SGL,100%,100% Ethiopia / 100% Arabica - Refreshing cup,١٠٠٪؜ أثيوبيا / ١٠٠٪؜ أرابيكا - قهوة منعشة,Body 3 / Clarity 3 / Acidity 3 / 30%,٥٠٠ مل ماء / درجة حرارة ٩٤ م / استخلاص ٢:٠٥ د,500ml water / 94°C / Steep 2:05 min, water 93°C
CR017,كولد برو كولومبيا,Cold Brew Colombia,SGL,100%,100% Colombia / 100% Arabica - Refreshing cup,١٠٠٪؜ كولومبيا / ١٠٠٪؜ أرابيكا - قهوة منعشة,Body 3 / Clarity 3 / Acidity 3 / 30%,٥٠٠ مل ماء / درجة حرارة ٩٤ م / استخلاص ٢:٠٥ د,500ml water / 94°C / Steep 2:05 min, water 93°C
CR018,كولد برو موكا ييرجا,Cold Brew Mocha Yirga,SGL,100%,100% Yemen / 100% Arabica - Refreshing cup,١٠٠٪؜ يمني / ١٠٠٪؜ أرابيكا - قهوة منعشة,Body 3 / Clarity 3 / Acidity 3 / 30%,٥٠٠ مل ماء / درجة حرارة ٩٤ م / استخلاص ٢:٠٥ د,500ml water / 94°C / Steep 2:05 min, water 93°C
CR019,كولد برو ييرجا تشافا,Cold Brew Yirga Chaffee,SGL,100%,100% Ethiopia / 100% Arabica - Refreshing cup,١٠٠٪؜ أثيوبيا / ١٠٠٪؜ أرابيكا - قهوة منعشة,Body 3 / Clarity 3 / Acidity 3 / 30%,٥٠٠ مل ماء / درجة حرارة ٩٤ م / استخلاص ٢:٠٥ د,500ml water / 94°C / Steep 2:05 min, water 93°C
CR020,كولد برو كولومبيا,Cold Brew Colombia,SGL,100%,100% Colombia / 100% Arabica - Refreshing cup,١٠٠٪؜ كولومبيا / ١٠٠٪؜ أرابيكا - قهوة منعشة,Body 3 / Clarity 3 / Acidity 3 / 30%,٥٠٠ مل ماء / درجة حرارة ٩٤ م / استخلاص ٢:٠٥ د,500ml water / 94°C / Steep 2:05 min, water 93°C
CR021,كولد برو موكا,Cold Brew Mocha,SGL,100%,100% Yemen / 100% Arabica - Refreshing cup,١٠٠٪؜ يمني / ١٠٠٪؜ أرابيكا - قهوة منعشة,Body 3 / Clarity 3 / Acidity 3 / 30%,٥٠٠ مل ماء / درجة حرارة ٩٤ م / استخلاص ٢:٠٥ د,500ml water / 94°C / Steep 2:05 min, water 93°C
CR022,كولد برو سومطرة,Cold Brew Sumatra,SGL,100%,100% Indonesia / 100% Arabica - Refreshing cup,١٠٠٪؜ اندونيسيا / ١٠٠٪؜ أرابيكا - قهوة منعشة,Body 3 / Clarity 3 / Acidity 3 / 30%,٥٠٠ مل ماء / درجة حرارة ٩٤ م / استخلاص ٢:٠٥ د,500ml water / 94°C / Steep 2:05 min, water 93°C
CR023,كولد برو ييرجا تشافا,Cold Brew Yirga Chaffee,SGL,100%,100% Ethiopia / 100% Arabica - Refreshing cup,١٠٠٪؜ أثيوبيا / ١٠٠٪؜ أرابيكا - قهوة منعشة,Body 3 / Clarity 3 / Acidity 3 / 30%,٥٠٠ مل ماء / درجة حرارة ٩٤ م / استخلاص ٢:٠٥ د,500ml water / 94°C / Steep 2:05 min, water 93°C
CR024,كولد برو سيدامو,Cold Brew Sidamo,SGL,100%,100% Ethiopia / 100% Arabica - Refreshing cup,١٠٠٪؜ أثيوبيا / ١٠٠٪؜ أرابيكا - قهوة منعشة,Body 3 / Clarity 3 / Acidity 3 / 30%,٥٠٠ مل ماء / درجة حرارة ٩٤ م / استخلاص ٢:٠٥ د,500ml water / 94°C / Steep 2:05 min, water 93°C
CR025,كولد برو كولومبيا,Cold Brew Colombia,SGL,100%,100% Colombia / 100% Arabica - Refreshing cup,١٠٠٪؜ كولومبيا / ١٠٠٪؜ أرابيكا - قهوة منعشة,Body 3 / Clarity 3 / Acidity 3 / 30%,٥٠٠ مل ماء / درجة حرارة ٩٤ م / استخلاص ٢:٠٥ د,500ml water / 94°C / Steep 2:05 min, water 93°C
CR026,كولد برو موكا ييرجا,Cold Brew Mocha Yirga,SGL,100%,100% Yemen / 100% Arabica - Refreshing cup,١٠٠٪؜ يمني / ١٠٠٪؜ أرابيكا - قهوة منعشة,Body 3 / Clarity 3 / Acidity 3 / 30%,٥٠٠ مل ماء / درجة حرارة ٩٤ م / استخلاص ٢:٠٥ د,500ml water / 94°C / Steep 2:05 min, water 93°C
CR027,كولد برو ييرجا تشافا,Cold Brew Yirga Chaffee,SGL,100%,100% Ethiopia / 100% Arabica - Refreshing cup,١٠٠٪؜ أثيوبيا / ١٠٠٪؜ أرابيكا - قهوة منعشة,Body 3 / Clarity 3 / Acidity 3 / 30%,٥٠٠ مل ماء / درجة حرارة ٩٤ م / استخلاص ٢:٠٥ د,500ml water / 94°C / Steep 2:05 min, water 93°C
CR028,كولد برو كولومبيا,Cold Brew Colombia,SGL,100%,100% Colombia / 100% Arabica - Refreshing cup,١٠٠٪؜ كولومبيا / ١٠٠٪؜ أرابيكا - قهوة منعشة,Body 3 / Clarity 3 / Acidity 3 / 30%,٥٠٠ مل ماء / درجة حرارة ٩٤ م / استخلاص ٢:٠٥ د,500ml water / 94°C / Steep 2:05 min, water 93°C
CR029,كولد برو موكا,Cold Brew Mocha,SGL,100%,100% Yemen / 100% Arabica - Refreshing cup,١٠٠٪؜ يمني / ١٠٠٪؜ أرابيكا - قهوة منعشة,Body 3 / Clarity 3 / Acidity 3 / 30%,٥٠٠ مل ماء / درجة حرارة ٩٤ م / استخلاص ٢:٠٥ د,500ml water / 94°C / Steep 2:05 min, water 93°C
CR030,كولد برو سومطرة,Cold Brew Sumatra,SGL,100%,100% Indonesia / 100% Arabica - Refreshing cup,١٠٠٪؜ اندونيسيا / ١٠٠٪؜ أرابيكا - قهوة منعشة,Body 3 / Clarity 3 / Acidity 3 / 30%,٥٠٠ مل ماء / درجة حرارة ٩٤ م / استخلاص ٢:٠٥ د,500ml water / 94°C / Steep 2:05 min, water 93°C
FP-001,قهوة ييرجا تشافا,Yirga Chaffee Coffee,SGL,100%,100% Ethiopia / 100% Arabica - Refreshing cup,١٠٠٪؜ أثيوبيا / ١٠٠٪؜ أرابيكا - قهوة منعشة,Body 3 / Clarity 5 / Acidity 3 / 60%,٣٠ جرام / ٥٠٠ مل ماء / استخلاص ٤ د,30g / 500ml water / Steep 4 min, water 92°C
FP-002,قهوة كولومبيا سوبريمو,Colombia Supremo Coffee,SGL,100%,100% Colombia / 100% Arabica - Refreshing cup,١٠٠٪؜ كولومبيا / ١٠٠٪؜ أرابيكا - قهوة منعشة,Body 3 / Clarity 5 / Acidity 3 / 60%,٣٠ جرام / ٥٠٠ مل ماء / استخلاص ٤ د,30g / 500ml water / Steep 4 min, water 92°C
FP-003,قهوة موكا,Mocha Coffee,SGL,100%,100% Yemen / 100% Arabica - Refreshing cup,١٠٠٪؜ يمني / ١٠٠٪؜ أرابيكا - قهوة منعشة,Body 3 / Clarity 5 / Acidity 3 / 60%,٣٠ جرام / ٥٠٠ مل ماء / استخلاص ٤ د,30g / 500ml water / Steep 4 min, water 92°C
FP-004,قهوة سومطرة,Sumatra Coffee,SGL,100%,100% Indonesia / 100% Arabica - Refreshing cup,١٠٠٪؜ اندونيسيا / ١٠٠٪؜ أرابيكا - قهوة منعشة,Body 3 / Clarity 5 / Acidity 3 / 60%,٣٠ جرام / ٥٠٠ مل ماء / استخلاص ٤ د,30g / 500ml water / Steep 4 min, water 92°C
FP-005,قهوة اثيوبيا سيدامو,Ethiopia Sidamo Coffee,SGL,100%,100% Ethiopia / 100% Arabica - Refreshing cup,١٠٠٪؜ أثيوبيا / ١٠٠٪؜ أرابيكا - قهوة منعشة,Body 3 / Clarity 5 / Acidity 3 / 60%,٣٠ جرام / ٥٠٠ مل ماء / استخلاص ٤ د,30g / 500ml water / Steep 4 min, water 92°C
FP-006,قهوة اثيوبيا ييرجا,Ethiopia Yirga Coffee,SGL,100%,100% Ethiopia / 100% Arabica - Refreshing cup,١٠٠٪؜ أثيوبيا / ١٠٠٪؜ أرابيكا - قهوة منعشة,Body 3 / Clarity 5 / Acidity 3 / 60%,٣٠ جرام / ٥٠٠ مل ماء / استخلاص ٤ د,30g / 500ml water / Steep 4 min, water 92°C
FP-007,قهوة كولومبيا,Colombia Coffee,SGL,100%,100% Colombia / 100% Arabica - Refreshing cup,١٠٠٪؜ كولومبيا / ١٠٠٪؜ أرابيكا - قهوة منعشة,Body 3 / Clarity 5 / Acidity 3 / 60%,٣٠ جرام / ٥٠٠ مل ماء / استخلاص ٤ د,30g / 500ml water / Steep 4 min, water 92°C
FP-008,قهوة ييرجا موكا موتو,Yirga Mocha Moto Coffee,SGL,100%,100% Yemen / 100% Arabica - Refreshing cup,١٠٠٪؜ يمني / ١٠٠٪؜ أرابيكا - قهوة منعشة,Body 3 / Clarity 5 / Acidity 3 / 60%,٣٠ جرام / ٥٠٠ مل ماء / استخلاص ٤ د,30g / 500ml water / Steep 4 min, water 92°C
FP-009,قهوة بون بون موكا,Bun Bun Mocha Coffee,SGL,100%,100% Yemen / 100% Arabica - Refreshing cup,١٠٠٪؜ يمني / ١٠٠٪؜ أرابيكا - قهوة منعشة,Body 3 / Clarity 5 / Acidity 3 / 60%,٣٠ جرام / ٥٠٠ مل ماء / استخلاص ٤ د,30g / 500ml water / Steep 4 min, water 92°C
FP-010,قهوة ييرجا واريجودا,Yirga Wariguda Coffee,SGL,100%,100% Ethiopia / 100% Arabica - Refreshing cup,١٠٠٪؜ أثيوبيا / ١٠٠٪؜ أرابيكا - قهوة منعشة,Body 3 / Clarity 5 / Acidity 3 / 60%,٣٠ جرام / ٥٠٠ مل ماء / استخلاص ٤ د,30g / 500ml water / Steep 4 min, water 92°C
FP-011,قهوة اثيوبيا ايربون ييرغا تشافا,Ethiopia Irbone Yirga Chaffee Coffee,SGL,100%,100% Ethiopia / 100% Arabica - Refreshing cup,١٠٠٪؜ أثيوبيا / ١٠٠٪؜ أرابيكا - قهوة منعشة,Body 3 / Clarity 5 / Acidity 3 / 60%,٣٠ جرام / ٥٠٠ مل ماء / استخلاص ٤ د,30g / 500ml water / Steep 4 min, water 92°C
FP-012,قهوة ييرجا تشافانشو,Yirga Chafanso Coffee,SGL,100%,100% Ethiopia / 100% Arabica - Refreshing cup,١٠٠٪؜ أثيوبيا / ١٠٠٪؜ أرابيكا - قهوة منعشة,Body 3 / Clarity 5 / Acidity 3 / 60%,٣٠ جرام / ٥٠٠ مل ماء / استخلاص ٤ د,30g / 500ml water / Steep 4 min, water 92°C
FP-013,قهوة ييرجا موكا,Yirga Mocha Coffee,SGL,100%,100% Yemen / 100% Arabica - Refreshing cup,١٠٠٪؜ يمني / ١٠٠٪؜ أرابيكا - قهوة منعشة,Body 3 / Clarity 5 / Acidity 3 / 60%,٣٠ جرام / ٥٠٠ مل ماء / استخلاص ٤ د,30g / 500ml water / Steep 4 min, water 92°C
FP-014,قهوة اثيوبيا,Ethiopia Coffee,SGL,100%,100% Ethiopia / 100% Arabica - Refreshing cup,١٠٠٪؜ أثيوبيا / ١٠٠٪؜ أرابيكا - قهوة منعشة,Body 3 / Clarity 5 / Acidity 3 / 60%,٣٠ جرام / ٥٠٠ مل ماء / استخلاص ٤ د,30g / 500ml water / Steep 4 min, water 92°C
FP-015,قهوة كولومبيا سوبريمو,Colombia Supremo Coffee,SGL,100%,100% Colombia / 100% Arabica - Refreshing cup,١٠٠٪؜ كولومبيا / ١٠٠٪؜ أرابيكا - قهوة منعشة,Body 3 / Clarity 5 / Acidity 3 / 60%,٣٠ جرام / ٥٠٠ مل ماء / استخلاص ٤ د,30g / 500ml water / Steep 4 min, water 92°C
FP-016,قهوة موكا,Mocha Coffee,SGL,100%,100% Yemen / 100% Arabica - Refreshing cup,١٠٠٪؜ يمني / ١٠٠٪؜ أرابيكا - قهوة منعشة,Body 3 / Clarity 5 / Acidity 3 / 60%,٣٠ جرام / ٥٠٠ مل ماء / استخلاص ٤ د,30g / 500ml water / 92°C / Steep 4 min, water 92°C
FP-017,قهوة سومطرة,Sumatra Coffee,SGL,100%,100% Indonesia / 100% Arabica - Refreshing cup,١٠٠٪؜ اندونيسيا / ١٠٠٪؜ أرابيكا - قهوة منعشة,Body 3 / Clarity 5 / Acidity 3 / 60%,٣٠ جرام / ٥٠٠ مل ماء / استخلاص ٤ د,30g / 500ml water / Steep 4 min, water 92°C
FP-018,قهوة اثيوبيا سيدامو,Ethiopia Sidamo Coffee,SGL,100%,100% Ethiopia / 100% Arabica - Refreshing cup,١٠٠٪؜ أثيوبيا / ١٠٠٪؜ أرابيكا - قهوة منعشة,Body 3 / Clarity 5 / Acidity 3 / 60%,٣٠ جرام / ٥٠٠ مل ماء / استخلاص ٤ د,30g / 500ml water / Steep 4 min, water 92°C
FP-019,قهوة اثيوبيا ييرجا,Ethiopia Yirga Coffee,SGL,100%,100% Ethiopia / 100% Arabica - Refreshing cup,١٠٠٪؜ أثيوبيا / ١٠٠٪؜ أرابيكا - قهوة منعشة,Body 3 / Clarity 5 / Acidity 3 / 60%,٣٠ جرام / ٥٠٠ مل ماء / استخلاص ٤ د,30g / 500ml water / Steep 4 min, water 92°C
FP-020,قهوة كولومبيا,Colombia Coffee,SGL,100%,100% Colombia / 100% Arabica - Refreshing cup,١٠٠٪؜ كولومبيا / ١٠٠٪؜ أرابيكا - قهوة منعشة,Body 3 / Clarity 5 / Acidity 3 / 60%,٣٠ جرام / ٥٠٠ مل ماء / استخلاص ٤ د,30g / 500ml water / Steep 4 min, water 92°C
FP-021,قهوة ييرجا موكا موتو,Yirga Mocha Moto Coffee,SGL,100%,100% Yemen / 100% Arabica - Refreshing cup,١٠٠٪؜ يمني / ١٠٠٪؜ أرابيكا - قهوة منعشة,Body 3 / Clarity 5 / Acidity 3 / 60%,٣٠ جرام / ٥٠٠ مل ماء / استخلاص ٤ د,30g / 500ml water / Steep 4 min, water 92°C
FP-022,قهوة بون بون موكا,Bun Bun Mocha Coffee,SGL,100%,100% Yemen / 100% Arabica - Refreshing cup,١٠٠٪؜ يمني / ١٠٠٪؜ أرابيكا - قهوة منعشة,Body 3 / Clarity 5 / Acidity 3 / 60%,٣٠ جرام / ٥٠٠ مل ماء / استخلاص ٤ د,30g / 500ml water / Steep 4 min, water 92°C
FP-023,قهوة ييرجا واريجودا,Yirga Wariguda Coffee,SGL,100%,100% Ethiopia / 100% Arabica - Refreshing cup,١٠٠٪؜ أثيوبيا / ١٠٠٪؜ أرابيكا - قهوة منعشة,Body 3 / Clarity 5 / Acidity 3 / 60%,٣٠ جرام / ٥٠٠ مل ماء / استخلاص ٤ د,30g / 500ml water / Steep 4 min, water 92°C
FP-024,قهوة اثيوبيا ايربون ييرغا تشافا,Ethiopia Irbone Yirga Chaffee Coffee,SGL,100%,100% Ethiopia / 100% Arabica - Refreshing cup,١٠٠٪؜ أثيوبيا / ١٠٠٪؜ أرابيكا - قهوة منعشة,Body 3 / Clarity 5 / Acidity 3 / 60%,٣٠ جرام / ٥٠٠ مل ماء / استخلاص ٤ د,30g / 500ml water / Steep 4 min, water 92°C
FP-025,قهوة ييرجا تشافانشو,Yirga Chafanso Coffee,SGL,100%,100% Ethiopia / 100% Arabica - Refreshing cup,١٠٠٪؜ أثيوبيا / ١٠٠٪؜ أرابيكا - قهوة منعشة,Body 3 / Clarity 5 / Acidity 3 / 60%,٣٠ جرام / ٥٠٠ مل ماء / استخلاص ٤ د,30g / 500ml water / Steep 4 min, water 92°C
FP-026,قهوة ييرجا موكا,Yirga Mocha Coffee,SGL,100%,100% Yemen / 100% Arabica - Refreshing cup,١٠٠٪؜ يمني / ١٠٠٪؜ أرابيكا - قهوة منعشة,Body 3 / Clarity 5 / Acidity 3 / 60%,٣٠ جرام / ٥٠٠ مل ماء / استخلاص ٤ د,30g / 500ml water / Steep 4 min, water 92°C
FP-027,قهوة اثيوبيا,Ethiopia Coffee,SGL,100%,100% Ethiopia / 100% Arabica - Refreshing cup,١٠٠٪؜ أثيوبيا / ١٠٠٪؜ أرابيكا - قهوة منعشة,Body 3 / Clarity 5 / Acidity 3 / 60%,٣٠ جرام / ٥٠٠ مل ماء / استخلاص ٤ د,30g / 500ml water / Steep 4 min, water 92°C
FP-028,قهوة كولومبيا سوبريمو,Colombia Supremo Coffee,SGL,100%,100% Colombia / 100% Arabica - Refreshing cup,١٠٠٪؜ كولومبيا / ١٠٠٪؜ أرابيكا - قهوة منعشة,Body 3 / Clarity 5 / Acidity 3 / 60%,٣٠ جرام / ٥٠٠ مل ماء / استخلاص ٤ د,30g / 500ml water / Steep 4 min, water 92°C
FP-029,قهوة موكا,Mocha Coffee,SGL,100%,100% Yemen / 100% Arabica - Refreshing cup,١٠٠٪؜ يمني / ١٠٠٪؜ أرابيكا - قهوة منعشة,Body 3 / Clarity 5 / Acidity 3 / 60%,٣٠ جرام / ٥٠٠ مل ماء / استخلاص ٤ د,30g / 500ml water / Steep 4 min, water 92°C
FP-030,قهوة سومطرة,Sumatra Coffee,SGL,100%,100% Indonesia / 100% Arabica - Refreshing cup,١٠٠٪؜ اندونيسيا / ١٠٠٪؜ أرابيكا - قهوة منعشة,Body 3 / Clarity 5 / Acidity 3 / 60%,٣٠ جرام / ٥٠٠ مل ماء / استخلاص ٤ د,30g / 500ml water / Steep 4 min, water 92°C
TP-001,قهوة ييرجا تشافا,Yirga Chaffee Coffee,SGL,100%,100% Ethiopia / 100% Arabica - Refreshing cup,١٠٠٪؜ أثيوبيا / ١٠٠٪؜ أرابيكا - قهوة منعشة,Body 3 / Clarity 5 / Acidity 3 / 60%,٢٥ جرام / ٥٠٠ مل ماء / استخلاص ٤ د,25g / 500ml water / Steep 4 min, water 92°C
TP-002,قهوة كولومبيا سوبريمو,Colombia Supremo Coffee,SGL,100%,100% Colombia / 100% Arabica - Refreshing cup,١٠٠٪؜ كولومبيا / ١٠٠٪؜ أرابيكا - قهوة منعشة,Body 3 / Clarity 5 / Acidity 3 / 60%,٢٥ جرام / ٥٠٠ مل ماء / استخلاص ٤ د,25g / 500ml water / Steep 4 min, water 92°C
TP-003,قهوة موكا,Mocha Coffee,SGL,100%,100% Yemen / 100% Arabica - Refreshing cup,١٠٠٪؜ يمني / ١٠٠٪؜ أرابيكا - قهوة منعشة,Body 3 / Clarity 5 / Acidity 3 / 60%,٢٥ جرام / ٥٠٠ مل ماء / استخلاص ٤ د,25g / 500ml water / Steep 4 min, water 92°C
TP-004,قهوة سومطرة,Sumatra Coffee,SGL,100%,100% Indonesia / 100% Arabica - Refreshing cup,١٠٠٪؜ اندونيسيا / ١٠٠٪؜ أرابيكا - قهوة منعشة,Body 3 / Clarity 5 / Acidity 3 / 60%,٢٥ جرام / ٥٠٠ مل ماء / استخلاص ٤ د,25g / 500ml water / Steep 4 min, water 92°C
TP-005,قهوة اثيوبيا سيدامو,Ethiopia Sidamo Coffee,SGL,100%,100% Ethiopia / 100% Arabica - Refreshing cup,١٠٠٪؜ أثيوبيا / ١٠٠٪؜ أرابيكا - قهوة منعشة,Body 3 / Clarity 5 / Acidity 3 / 60%,٢٥ جرام / ٥٠٠ مل ماء / استخلاص ٤ د,25g / 500ml water / Steep 4 min, water 92°C
TP-006,قهوة اثيوبيا ييرجا,Ethiopia Yirga Coffee,SGL,100%,100% Ethiopia / 100% Arabica - Refreshing cup,١٠٠٪؜ أثيوبيا / ١٠٠٪؜ أرابيكا - قهوة منعشة,Body 3 / Clarity 5 / Acidity 3 / 60%,٢٥ جرام / ٥٠٠ مل ماء / استخلاص ٤ د,25g / 500ml water / Steep 4 min, water 92°C
TP-007,قهوة كولومبيا,Colombia Coffee,SGL,100%,100% Colombia / 100% Arabica - Refreshing cup,١٠٠٪؜ كولومبيا / ١٠٠٪؜ أرابيكا - قهوة منعشة,Body 3 / Clarity 5 / Acidity 3 / 60%,٢٥ جرام / ٥٠٠ مل ماء / استخلاص ٤ د,25g / 500ml water / Steep 4 min, water 92°C
TP-008,قهوة ييرجا موكا موتو,Yirga Mocha Moto Coffee,SGL,100%,100% Yemen / 100% Arabica - Refreshing cup,١٠٠٪؜ يمني / ١٠٠٪؜ أرابيكا - قهوة منعشة,Body 3 / Clarity 5 / Acidity 3 / 60%,٢٥ جرام / ٥٠٠ مل ماء / استخلاص ٤ د,25g / 500ml water / Steep 4 min, water 92°C
TP-009,قهوة بون بون موكا,Bun Bun Mocha Coffee,SGL,100%,100% Yemen / 100% Arabica - Refreshing cup,١٠٠٪؜ يمني / ١٠٠٪؜ أرابيكا - قهوة منعشة,Body 3 / Clarity 5 / Acidity 3 / 60%,٢٥ جرام / ٥٠٠ مل ماء / استخلاص ٤ د,25g / 500ml water / Steep 4 min, water 92°C
TP-010,قهوة ييرجا واريجودا,Yirga Wariguda Coffee,SGL,100%,100% Ethiopia / 100% Arabica - Refreshing cup,١٠٠٪؜ أثيوبيا / ١٠٠٪؜ أرابيكا - قهوة منعشة,Body 3 / Clarity 5 / Acidity 3 / 60%,٢٥ جرام / ٥٠٠ مل ماء / استخلاص ٤ د,25g / 500ml water / Steep 4 min, water 92°C
TP-011,قهوة اثيوبيا ايربون ييرغا تشافا,Ethiopia Irbone Yirga Chaffee Coffee,SGL,100%,100% Ethiopia / 100% Arabica - Refreshing cup,١٠٠٪؜ أثيوبيا / ١٠٠٪؜ أرابيكا - قهوة منعشة,Body 3 / Clarity 5 / Acidity 3 / 60%,٢٥ جرام / ٥٠٠ مل ماء / استخلاص ٤ د,25g / 500ml water / Steep 4 min, water 92°C
TP-012,قهوة ييرجا تشافانشو,Yirga Chafanso Coffee,SGL,100%,100% Ethiopia / 100% Arabica - Refreshing cup,١٠٠٪؜ أثيوبيا / ١٠٠٪؜ أرابيكا - قهوة منعشة,Body 3 / Clarity 5 / Acidity 3 / 60%,٢٥ جرام / ٥٠٠ مل ماء / استخلاص ٤ د,25g / 500ml water / Steep 4 min, water 92°C
TP-013,قهوة ييرجا موكا,Yirga Mocha Coffee,SGL,100%,100% Yemen / 100% Arabica - Refreshing cup,١٠٠٪؜ يمني / ١٠٠٪؜ أرابيكا - قهوة منعشة,Body 3 / Clarity 5 / Acidity 3 / 60%,٢٥ جرام / ٥٠٠ مل ماء / استخلاص ٤ د,25g / 500ml water / Steep 4 min, water 92°C
TP-014,قهوة اثيوبيا,Ethiopia Coffee,SGL,100%,100% Ethiopia / 100% Arabica - Refreshing cup,١٠٠٪؜ أثيوبيا / ١٠٠٪؜ أرابيكا - قهوة منعشة,Body 3 / Clarity 5 / Acidity 3 / 60%,٢٥ جرام / ٥٠٠ مل ماء / استخلاص ٤ د,25g / 500ml water / Steep 4 min, water 92°C
TP-015,قهوة كولومبيا سوبريمو,Colombia Supremo Coffee,SGL,100%,100% Colombia / 100% Arabica - Refreshing cup,١٠٠٪؜ كولومبيا / ١٠٠٪؜ أرابيكا - قهوة منعشة,Body 3 / Clarity 5 / Acidity 3 / 60%,٢٥ جرام / ٥٠٠ مل ماء / استخلاص ٤ د,25g / 500ml water / Steep 4 min, water 92°C
TP-016,قهوة موكا,Mocha Coffee,SGL,100%,100% Yemen / 100% Arabica - Refreshing cup,١٠٠٪؜ يمني / ١٠٠٪؜ أرابيكا - قهوة منعشة,Body 3 / Clarity 5 / Acidity 3 / 60%,٢٥ جرام / ٥٠٠ مل ماء / استخلاص ٤ د,25g / 500ml water / Steep 4 min, water 92°C
TP-017,قهوة سومطرة,Sumatra Coffee,SGL,100%,100% Indonesia / 100% Arabica - Refreshing cup,١٠٠٪؜ اندونيسيا / ١٠٠٪؜ أرابيكا - قهوة منعشة,Body 3 / Clarity 5 / Acidity 3 / 60%,٢٥ جرام / ٥٠٠ مل ماء / استخلاص ٤ د,25g / 500ml water / Steep 4 min, water 92°C
TP-018,قهوة اثيوبيا سيدامو,Ethiopia Sidamo Coffee,SGL,100%,100% Ethiopia / 100% Arabica - Refreshing cup,١٠٠٪؜ أثيوبيا / ١٠٠٪؜ أرابيكا - قهوة منعشة,Body 3 / Clarity 5 / Acidity 3 / 60%,٢٥ جرام / ٥٠٠ مل ماء / استخلاص ٤ د,25g / 500ml water / Steep 4 min, water 92°C
TP-019,قهوة اثيوبيا ييرجا,Ethiopia Yirga Coffee,SGL,100%,100% Ethiopia / 100% Arabica - Refreshing cup,١٠٠٪؜ أثيوبيا / ١٠٠٪؜ أرابيكا - قهوة منعشة,Body 3 / Clarity 5 / Acidity 3 / 60%,٢٥ جرام / ٥٠٠ مل ماء / استخلاص ٤ د,25g / 500ml water / Steep 4 min, water 92°C
TP-020,قهوة كولومبيا,Colombia Coffee,SGL,100%,100% Colombia / 100% Arabica - Refreshing cup,١٠٠٪؜ كولومبيا / ١٠٠٪؜ أرابيكا - قهوة منعشة,Body 3 / Clarity 5 / Acidity 3 / 60%,٢٥ جرام / ٥٠٠ مل ماء / استخلاص ٤ د,25g / 500ml water / Steep 4 min, water 92°C
TP-021,قهوة ييرجا موكا موتو,Yirga Mocha Moto Coffee,SGL,100%,100% Yemen / 100% Arabica - Refreshing cup,١٠٠٪؜ يمني / ١٠٠٪؜ أرابيكا - قهوة منعشة,Body 3 / Clarity 5 / Acidity 3 / 60%,٢٥ جرام / ٥٠٠ مل ماء / استخلاص ٤ د,25g / 500ml water / Steep 4 min, water 92°C
TP-022,قهوة بون بون موكا,Bun Bun Mocha Coffee,SGL,100%,100% Yemen / 100% Arabica - Refreshing cup,١٠٠٪؜ يمني / ١٠٠٪؜ أرابيكا - قهوة منعشة,Body 3 / Clarity 5 / Acidity 3 / 60%,٢٥ جرام / ٥٠٠ مل ماء / استخلاص ٤ د,25g / 500ml water / Steep 4 min, water 92°C
TP-023,قهوة ييرجا واريجودا,Yirga Wariguda Coffee,SGL,100%,100% Ethiopia / 100% Arabica - Refreshing cup,١٠٠٪؜ أثيوبيا / ١٠٠٪؜ أرابيكا - قهوة منعشة,Body 3 / Clarity 5 / Acidity 3 / 60%,٢٥ جرام / ٥٠٠ مل ماء / استخلاص ٤ د,25g / 500ml water / Steep 4 min, water 92°C
TP-024,قهوة اثيوبيا ايربون ييرغا تشافا,Ethiopia Irbone Yirga Chaffee Coffee,SGL,100%,100% Ethiopia / 100% Arabica - Refreshing cup,١٠٠٪؜ أثيوبيا / ١٠٠٪؜ أرابيكا - قهوة منعشة,Body 3 / Clarity 5 / Acidity 3 / 60%,٢٥ جرام / ٥٠٠ مل ماء / استخلاص ٤ د,25g / 500ml water / Steep 4 min, water 92°C
TP-025,قهوة ييرجا تشافانشو,Yirga Chafanso Coffee,SGL,100%,100% Ethiopia / 100% Arabica - Refreshing cup,١٠٠٪؜ أثيوبيا / ١٠٠٪؜ أرابيكا - قهوة منعشة,Body 3 / Clarity 5 / Acidity 3 / 60%,٢٥ جرام / ٥٠٠ مل ماء / استخلاص ٤ د,25g / 500ml water / Steep 4 min, water 92°C
TP-026,قهوة ييرجا موكا,Yirga Mocha Coffee,SGL,100%,100% Yemen / 100% Arabica - Refreshing cup,١٠٠٪؜ يمني / ١٠٠٪؜ أرابيكا - قهوة منعشة,Body 3 / Clarity 5 / Acidity 3 / 60%,٢٥ جرام / ٥٠٠ مل ماء / استخلاص ٤ د,25g / 500ml water / Steep 4 min, water 92°C
TP-027,قهوة اثيوبيا,Ethiopia Coffee,SGL,100%,100% Ethiopia / 100% Arabica - Refreshing cup,١٠٠٪؜ أثيوبيا / ١٠٠٪؜ أرابيكا - قهوة منعشة,Body 3 / Clarity 5 / Acidity 3 / 60%,٢٥ جرام / ٥٠٠ مل ماء / استخلاص ٤ د,25g / 500ml water / Steep 4 min, water 92°C
TP-028,قهوة كولومبيا سوبريمو,Colombia Supremo Coffee,SGL,100%,100% Colombia / 100% Arabica - Refreshing cup,١٠٠٪؜ كولومبيا / ١٠٠٪؜ أرابيكا - قهوة منعشة,Body 3 / Clarity 5 / Acidity 3 / 60%,٢٥ جرام / ٥٠٠ مل ماء / استخلاص ٤ د,25g / 500ml water / Steep 4 min, water 92°C
TP-029,قهوة موكا,Mocha Coffee,SGL,100%,100% Yemen / 100% Arabica - Refreshing cup,١٠٠٪؜ يمني / ١٠٠٪؜ أرابيكا - قهوة منعشة,Body 3 / Clarity 5 / Acidity 3 / 60%,٢٥ جرام / ٥٠٠ مل ماء / استخلاص ٤ د,25g / 500ml water / Steep 4 min, water 92°C
TP-030,قهوة سومطرة,Sumatra Coffee,SGL,100%,100% Indonesia / 100% Arabica - Refreshing cup,١٠٠٪؜ اندونيسيا / ١٠٠٪؜ أرابيكا - قهوة منعشة,Body 3 / Clarity 5 / Acidity 3 / 60%,٢٥ جرام / ٥٠٠ مل ماء / استخلاص ٤ د,25g / 500ml water / Steep 4 min, water 92°C